ticker,sector,last,chg_%,z,vol_x,wk_%,vs_hi_%,rsi
A,Health Care,169.33,-1.0,-0.53,0.76,-3.11,-3.2,61.8
AAPL,Information Technology,333.63,0.22,0.13,0.72,1.28,-2.2,54.6
ABBV,Health Care,265.76,1.12,0.82,1.02,-0.2,-0.2,58.4
ABNB,Consumer Discretionary,164.07,1.01,0.33,0.67,5.12,-13.9,48.4
ABT,Health Care,98.16,-1.94,-0.96,1.16,-2.76,-15.9,36.3
ACGL,Financials,94.82,0.49,0.36,0.52,-0.32,-11.0,44.9
ACN,Information Technology,193.4,-0.85,-0.24,0.88,9.19,-8.9,55.2
ADA-USD,Crypto,0.26,-2.08,-0.51,1.19,7.57,-6.2,65.2
ADBE,Information Technology,238.12,-0.28,-0.09,0.48,2.12,-18.7,41.6
ADI,Information Technology,420.55,0.35,0.17,0.72,5.61,-5.3,73.5
ADM,Consumer Staples,82.21,-0.32,-0.18,0.58,3.54,-6.7,50.1
ADP,Industrials,262.36,0.81,0.46,0.66,0.21,-8.2,44.9
ADSK,Information Technology,231.28,4.39,1.48,0.97,13.83,-14.5,57.7
AEE,Utilities,101.68,1.99,2.19,1.39,1.43,-13.5,46.0
AEP,Utilities,121.67,1.62,1.63,0.79,1.99,-11.6,52.3
AES,Utilities,14.93,0.2,1.28,1.16,0.47,0.0,70.0
AFL,Financials,113.63,1.11,1.05,0.93,-0.03,-11.8,43.8
AIG,Financials,75.11,-0.01,-0.01,1.03,-0.21,-6.7,49.3
AIZ,Financials,270.96,1.71,1.23,1.01,2.77,-9.9,46.3
AJG,Financials,229.85,1.15,0.55,0.78,0.92,-15.3,40.5
AKAM,Information Technology,108.62,0.58,0.17,0.47,0.16,-32.6,47.9
ALB,Materials,106.35,1.9,0.71,0.59,-1.18,-50.4,36.8
ALGN,Health Care,141.45,0.57,0.27,1.08,-1.78,-27.9,35.1
ALL,Financials,224.27,-0.2,-0.1,0.73,-0.51,-18.1,29.8
ALLE,Industrials,153.67,-0.35,-0.18,0.66,-1.1,-8.7,47.5
AMAT,Information Technology,530.27,-2.21,-0.55,0.78,3.57,-26.6,64.1
AMCR,Materials,41.8,-0.14,-0.09,0.93,-2.31,-12.7,38.7
AMD,Information Technology,649.42,2.8,0.69,1.08,6.89,0.0,72.2
AME,Industrials,253.72,0.71,0.51,0.61,1.17,-1.7,64.4
AMGN,Health Care,402.6,-0.09,-0.04,0.6,-4.97,-9.3,47.6
AMP,Financials,496.61,0.34,0.24,0.81,-0.14,-13.0,35.0
AMT,Real Estate,164.78,1.55,1.02,0.8,-0.47,-13.4,41.6
AMZN,Consumer Discretionary,256.29,1.95,0.74,0.96,3.9,-9.8,54.5
ANET,Information Technology,206.9,-0.22,-0.07,1.47,0.97,-1.7,59.5
AON,Financials,273.99,0.71,0.35,0.61,-0.69,-28.0,30.2
AOS,Industrials,56.9,-0.12,-0.07,0.74,-1.93,-14.4,41.3
APA,Energy,44.1,0.57,0.21,0.55,4.53,-7.0,54.9
APD,Materials,281.0,0.55,0.48,0.65,1.31,-10.0,43.7
APH,Information Technology,88.62,1.55,0.62,0.77,5.07,0.0,67.7
APO,Financials,115.95,0.52,0.25,0.89,-2.56,-18.9,33.2
APP,Communication Services,281.97,5.13,1.28,0.8,-8.52,-54.1,36.5
APTV,Consumer Discretionary,44.72,1.89,0.62,0.67,3.11,-41.8,48.1
ARB-USD,Crypto,0.0,0.0,,,0.0,-30.0,3.3
ARE,Real Estate,45.92,0.09,0.03,0.88,-3.83,-17.3,34.8
ARES,Financials,117.13,-0.36,-0.16,0.85,-1.02,-20.8,33.4
ATO,Utilities,159.74,1.07,1.2,0.99,1.36,-16.0,44.7
ATOM-USD,Crypto,1.78,-1.75,-0.45,0.69,4.13,-19.5,54.9
AVAX-USD,Crypto,11.53,3.51,0.76,0.91,4.84,0.0,68.3
AVGO,Information Technology,375.81,3.67,1.52,1.26,5.83,-21.7,59.0
AVY,Materials,168.45,-0.91,-0.56,0.92,-1.36,-7.8,43.1
AWK,Utilities,128.04,0.16,0.12,1.11,-1.36,-9.1,34.3
AXON,Industrials,418.62,1.65,0.39,1.37,-0.23,-35.2,34.0
AXP,Financials,304.55,0.17,0.13,0.69,-0.28,-15.8,35.9
AZO,Consumer Discretionary,2898.57,3.24,1.98,0.72,0.79,-21.7,50.9
BA,Industrials,189.82,-1.5,-0.68,0.9,1.14,-21.1,37.9
BAC,Financials,54.09,0.17,0.13,0.64,-1.58,-16.1,25.7
BALL,Materials,57.43,0.56,0.43,0.86,1.38,-13.9,38.7
BAX,Health Care,24.36,0.58,0.24,0.89,3.75,-14.0,52.9
BBY,Consumer Discretionary,84.85,-2.91,-1.29,0.97,-4.39,-10.5,40.2
BDX,Health Care,180.3,-0.2,-0.12,1.1,-0.92,-5.5,49.6
BE,Industrials,286.65,-0.86,-0.13,0.71,9.05,-17.1,57.8
BEN,Financials,32.44,-1.34,-0.91,1.22,0.31,-8.4,44.8
BF-B,Consumer Staples,26.35,0.3,0.15,0.91,0.23,-11.6,48.9
BG,Consumer Staples,107.33,0.01,0.0,0.44,-0.75,-17.8,36.9
BIIB,Health Care,222.89,-0.31,-0.14,0.92,-1.84,-2.5,53.4
BKNG,Consumer Discretionary,157.63,-0.44,-0.17,0.76,-2.9,-26.3,29.3
BKR,Energy,57.13,-0.44,-0.23,0.53,2.16,-17.4,44.2
BLK,Financials,1079.42,1.22,0.73,1.0,1.07,-8.3,49.7
BMY,Health Care,59.59,1.33,0.8,0.78,-4.22,-11.6,37.3
BNB-USD,Crypto,778.3,-1.08,-0.53,0.78,0.92,-2.6,57.3
BNY,Financials,143.73,-0.01,-0.01,0.57,-2.21,-12.8,25.9
BR,Industrials,158.66,-0.26,-0.12,0.56,-1.42,-13.9,37.8
BRK-B,Financials,505.54,0.25,0.29,0.69,0.64,-4.5,50.5
BRO,Financials,60.97,0.07,0.03,0.5,0.61,-18.4,35.9
BSX,Health Care,42.19,-0.5,-0.22,0.59,-3.85,-35.8,34.4
BTC-USD,Crypto,85358.09,-0.5,-0.22,0.79,0.6,-1.4,62.5
BX,Financials,113.36,1.53,0.69,0.88,-0.56,-24.1,30.6
BXP,Real Estate,59.79,0.71,0.43,0.78,-2.0,-17.1,33.7
C,Financials,128.52,-0.02,-0.01,0.98,-1.74,-11.3,39.5
CAH,Health Care,233.44,0.14,0.09,0.6,4.5,-5.9,56.3
CARR,Industrials,55.73,1.11,0.56,0.5,-0.25,-26.4,43.6
CASY,Consumer Staples,620.8,0.56,0.2,0.78,3.48,-32.2,38.4
CAT,Industrials,863.44,1.8,0.84,0.84,4.45,-18.8,63.5
CB,Financials,334.21,1.13,0.87,0.76,0.64,-7.8,47.1
CBOE,Financials,278.2,0.26,0.11,0.72,6.28,-23.8,50.8
CBRE,Real Estate,130.66,0.97,0.45,1.27,-0.14,-15.7,37.3
CCI,Real Estate,68.28,1.04,0.61,0.75,1.8,-25.8,38.8
CCL,Consumer Discretionary,26.58,3.99,1.49,0.89,5.85,-13.5,66.9
CDNS,Information Technology,359.55,1.72,0.63,0.59,10.91,-13.7,73.6
CDW,Information Technology,133.92,0.47,0.15,0.47,2.75,-13.0,42.4
CEG,Utilities,267.62,3.93,1.73,4.36,2.76,-16.8,50.5
CF,Materials,116.02,0.0,0.0,0.96,0.27,-16.7,38.0
CFG,Financials,64.31,-0.03,-0.02,1.01,-0.76,-13.9,34.3
CHD,Consumer Staples,96.54,0.92,0.72,0.73,1.67,-6.6,51.7
CHRW,Industrials,135.05,-3.95,-1.16,2.17,-9.79,-35.2,33.8
CHTR,Communication Services,108.64,0.81,0.23,0.82,-1.83,-55.6,28.9
CI,Health Care,274.37,1.14,0.65,0.65,-0.32,-9.4,49.2
CIEN,Information Technology,443.65,13.85,2.91,2.47,25.0,-29.2,69.7
CINF,Financials,163.08,0.58,0.46,0.55,1.21,-14.6,41.0
CL,Consumer Staples,87.25,1.23,1.03,0.72,0.91,-7.8,49.8
CLX,Consumer Staples,83.52,1.84,0.92,0.95,2.35,-22.6,40.3
CMCSA,Communication Services,21.56,-0.05,-0.02,0.72,-0.19,-30.9,27.0
CME,Financials,270.18,0.06,0.04,0.79,2.64,-12.1,51.1
CMG,Consumer Discretionary,30.9,0.16,0.05,1.18,-3.07,-19.8,31.8
CMI,Industrials,535.31,2.28,1.31,0.7,2.67,-26.2,45.8
CMS,Utilities,65.07,1.62,1.76,0.91,2.55,-17.3,46.1
CNC,Health Care,64.61,0.48,0.21,0.76,3.86,-6.9,51.9
CNP,Utilities,38.56,2.15,1.86,0.94,4.39,-13.9,53.0
COF,Financials,195.82,0.35,0.23,0.97,-0.33,-13.6,37.6
COHR,Information Technology,338.36,1.41,0.22,0.92,15.79,-20.7,60.7
COIN,Financials,188.22,2.85,0.59,0.58,-1.86,-13.1,52.6
COO,Health Care,56.43,-0.6,-0.23,0.69,-0.35,-26.5,36.3
COP,Energy,129.35,0.74,0.39,0.85,3.12,-8.4,50.7
COR,Health Care,316.37,0.46,0.26,0.61,2.85,-6.2,52.2
COST,Consumer Staples,935.68,1.32,1.15,0.79,1.2,-14.4,58.3
CPAY,Financials,406.79,1.26,0.86,0.76,3.59,-4.3,56.7
CPRT,Industrials,26.82,-3.0,-1.2,1.01,-1.18,-22.0,31.3
CPT,Real Estate,97.65,0.29,0.26,0.78,0.26,-16.0,37.5
CRH,Materials,83.6,1.15,0.63,0.79,-1.1,-28.9,38.1
CRL,Health Care,304.96,-1.87,-0.69,1.95,3.04,-1.9,62.2
CRM,Information Technology,224.99,-2.09,-0.53,0.61,-0.14,-14.8,44.2
CRWD,Information Technology,272.67,0.97,0.21,0.76,5.18,0.0,69.7
CSCO,Information Technology,117.94,4.54,2.19,1.13,10.71,-8.6,68.5
CSGP,Real Estate,27.63,-0.11,-0.04,0.73,2.52,-31.0,39.0
CSX,Industrials,47.5,0.15,0.11,0.8,1.21,-10.5,45.8
CTAS,Industrials,195.96,0.29,0.17,0.53,-0.9,-9.3,46.2
CTSH,Information Technology,57.22,-1.63,-0.55,0.78,0.67,-11.5,44.5
CTVA,Materials,12.39,3.94,0.36,2.11,-84.06,-86.3,6.4
CVNA,Consumer Discretionary,63.72,-0.08,-0.02,0.59,5.37,-23.6,43.0
CVS,Health Care,86.43,-0.67,-0.39,1.33,-0.77,-21.4,37.7
CVX,Energy,207.58,0.54,0.37,0.55,1.57,-4.7,53.5
D,Utilities,62.0,1.61,1.8,0.78,2.24,-12.6,42.7
DAL,Industrials,83.66,0.7,0.37,1.25,-1.43,-10.5,53.4
DASH,Consumer Discretionary,191.77,1.39,0.52,0.68,7.5,-19.1,45.8
DD,Industrials,133.28,1.98,1.44,0.69,2.43,-12.4,55.6
DDOG,Information Technology,276.42,-0.29,-0.07,0.53,2.87,-4.1,69.8
DE,Industrials,682.79,0.09,0.04,0.61,0.58,-3.5,54.6
DECK,Consumer Discretionary,81.66,1.81,0.82,0.94,5.12,-28.6,49.2
DELL,Information Technology,552.29,-1.82,-0.36,0.66,1.63,-6.1,55.5
DG,Consumer Staples,123.27,3.82,1.78,1.08,1.01,-7.0,51.9
DGX,Health Care,228.39,-1.28,-0.75,1.55,-1.18,-7.4,39.8
DHI,Consumer Discretionary,136.75,2.64,1.31,1.57,-1.9,-17.8,44.2
DHR,Health Care,215.61,-2.53,-1.04,0.83,-4.47,-5.0,51.3
DIS,Communication Services,104.03,0.41,0.24,0.7,-1.31,-6.5,48.2
DLR,Real Estate,184.65,2.66,1.23,0.99,4.58,-8.2,54.0
DLTR,Consumer Staples,116.19,2.65,1.27,0.96,2.55,-15.0,47.0
DOC,Real Estate,19.0,0.85,0.67,1.53,-5.61,-15.9,28.9
DOGE-USD,Crypto,0.09,-1.87,-0.48,0.69,-0.72,-18.8,53.8
DOT-USD,Crypto,1.19,-2.97,-0.64,0.7,1.47,-13.6,55.7
DOV,Industrials,191.88,0.3,0.19,0.7,1.15,-16.6,50.1
DOW,Materials,28.51,1.93,0.9,0.93,2.22,-29.6,46.4
DPZ,Consumer Discretionary,302.87,1.88,0.83,1.01,0.35,-18.5,45.0
DRI,Consumer Discretionary,203.14,1.71,0.88,0.72,4.12,-10.8,46.3
DTE,Utilities,128.22,2.54,2.58,0.8,4.76,-16.2,50.5
DUK,Utilities,115.66,1.6,1.67,1.18,1.27,-11.5,43.6
DVA,Health Care,180.4,0.94,0.33,0.52,2.97,-25.1,47.5
DVN,Energy,48.02,0.08,0.04,0.55,3.05,-6.4,52.4
DXCM,Health Care,83.39,-4.04,-1.58,0.84,-3.75,-9.7,38.9
EBAY,Consumer Discretionary,107.06,-0.07,-0.04,0.47,1.76,-9.5,49.7
ECHO,Communication Services,100.01,1.83,0.72,1.26,11.26,-29.5,67.1
ECL,Materials,280.82,1.35,1.09,0.97,1.06,-3.1,56.6
ED,Utilities,105.12,1.68,1.77,1.49,1.73,-7.1,51.0
EFX,Industrials,142.48,-0.08,-0.03,0.84,1.17,-27.7,29.1
EG,Financials,366.84,0.01,0.01,0.66,-0.53,-7.5,43.8
EIX,Utilities,54.25,0.02,0.0,0.99,1.29,-32.5,39.0
EL,Consumer Staples,93.36,0.06,0.02,0.56,-1.07,-11.8,46.4
ELV,Health Care,400.09,1.41,0.7,1.0,1.87,-5.8,51.3
EME,Industrials,824.52,5.82,1.77,1.16,8.2,-12.6,65.8
EMR,Industrials,161.4,-0.57,-0.32,1.16,2.65,-1.5,61.8
EOG,Energy,144.28,0.14,0.07,0.85,3.31,-6.2,52.0
EQIX,Real Estate,1047.36,2.34,1.35,0.78,3.16,-5.7,55.3
EQT,Energy,52.47,2.64,1.42,0.77,7.34,-13.0,54.5
ERIE,Financials,223.22,0.79,0.27,0.62,1.02,-16.4,39.3
ES,Utilities,65.26,0.88,0.81,1.05,2.13,-12.4,41.1
ESS,Real Estate,272.49,0.21,0.18,1.15,0.42,-7.8,49.2
ETH-USD,Crypto,2688.51,-0.83,-0.27,0.8,-0.63,-3.2,58.5
ETN,Industrials,445.09,2.89,1.05,0.76,2.73,-3.2,59.9
ETR,Utilities,103.25,2.41,2.16,0.92,3.5,-11.5,52.6
EVRG,Utilities,80.35,1.59,1.77,0.81,2.06,-8.1,52.7
EW,Health Care,86.48,-0.86,-0.58,0.96,-1.82,-9.1,46.4
EXC,Utilities,41.68,2.11,1.95,0.74,2.53,-14.1,46.6
EXE,Energy,86.43,1.06,0.59,0.61,1.31,-14.4,38.5
EXPD,Industrials,191.8,-1.2,-0.76,0.69,1.93,-1.2,55.7
EXPE,Consumer Discretionary,260.07,-0.04,-0.01,0.68,-2.35,-23.2,35.1
EXR,Real Estate,133.89,0.74,0.61,1.08,0.3,-11.4,43.5
F,Consumer Discretionary,12.28,1.07,0.55,0.73,-0.16,-28.8,36.1
FANG,Energy,184.08,-0.34,-0.15,0.97,-0.62,-13.0,37.7
FAST,Industrials,50.81,0.24,0.17,0.68,1.7,-3.0,57.8
FCX,Materials,72.56,-0.06,-0.02,0.79,2.5,-9.2,53.1
FDS,Financials,272.01,-1.6,-0.52,0.67,4.63,-13.2,47.2
FDX,Industrials,289.03,-0.03,-0.02,0.62,0.54,-14.5,38.4
FDXF,Industrials,111.58,-1.16,-0.44,0.52,-0.64,-40.8,33.8
FE,Utilities,44.26,1.42,1.51,0.82,1.42,-13.0,44.3
FERG,Industrials,223.33,0.18,0.1,0.69,-0.24,-15.9,48.6
FFIV,Information Technology,469.79,2.46,1.07,0.92,7.24,0.0,69.6
FICO,Information Technology,695.46,0.85,0.15,1.42,12.56,-49.4,30.9
FIL-USD,Crypto,1.16,-2.34,-0.42,0.84,13.37,-10.1,64.6
FIS,Financials,33.42,-0.48,-0.21,0.89,0.21,-29.7,32.8
FISV,Financials,45.48,-1.43,-0.61,0.56,0.26,-29.1,38.1
FITB,Financials,51.0,0.39,0.32,0.65,0.89,-13.4,38.2
FIX,Industrials,1817.96,6.12,1.87,1.42,9.18,-12.0,67.5
FLEX,Information Technology,121.38,3.96,1.08,0.86,6.63,-25.1,60.9
FOX,Communication Services,56.7,1.45,0.72,0.56,0.27,-9.1,47.1
FOXA,Communication Services,63.33,1.69,0.85,0.93,0.43,-9.6,46.7
FRT,Real Estate,106.2,0.22,0.26,0.61,-1.86,-15.6,25.4
FSLR,Information Technology,179.8,2.07,0.64,0.71,1.62,-43.5,41.0
FTNT,Information Technology,191.27,3.88,1.41,1.07,8.7,0.0,72.2
FTV,Industrials,57.38,-0.16,-0.09,1.11,2.91,-10.4,54.1
GD,Industrials,331.33,-0.12,-0.11,1.03,-0.3,-16.3,24.1
GDDY,Information Technology,99.74,2.6,0.63,0.6,6.43,-5.1,53.3
GE,Industrials,309.39,1.0,0.55,0.77,-2.53,-18.7,36.9
GEHC,Health Care,65.74,2.26,0.94,0.95,-1.56,-12.1,46.1
GEN,Information Technology,22.8,2.33,0.8,0.64,9.35,-27.4,34.1
GEV,Industrials,990.0,0.13,0.04,1.17,4.24,-15.7,58.0
GILD,Health Care,144.23,-0.28,-0.18,0.63,-4.66,-5.5,43.4
GIS,Consumer Staples,32.18,1.58,0.78,0.95,-4.85,-22.6,30.2
GL,Financials,166.28,0.22,0.15,1.46,0.32,-10.4,37.1
GLW,Information Technology,168.97,6.02,1.27,1.07,6.46,-33.8,58.9
GM,Consumer Discretionary,82.01,2.22,1.02,0.66,1.91,-9.0,48.6
GNRC,Industrials,223.62,3.91,1.07,0.7,5.37,-24.3,64.0
GOOG,Communication Services,343.83,1.02,0.48,0.73,1.38,-13.7,53.0
GOOGL,Communication Services,347.68,0.35,0.16,0.67,1.98,-13.5,53.4
GPC,Consumer Discretionary,127.38,0.9,0.55,0.79,0.34,-8.0,44.5
GPN,Financials,81.79,-0.47,-0.2,0.72,-1.85,-13.5,41.3
GRMN,Consumer Discretionary,279.21,-2.21,-0.83,0.84,-3.8,-10.5,45.1
GS,Financials,897.18,0.42,0.19,0.95,-2.08,-21.7,32.0
GWW,Industrials,1275.56,-0.88,-0.63,0.78,2.15,-8.8,48.7
HAL,Energy,32.72,-0.18,-0.09,0.66,3.74,-23.2,42.8
HAS,Consumer Discretionary,91.03,-1.46,-0.75,0.94,3.14,-5.9,53.8
HBAN,Financials,15.33,0.26,0.17,0.96,0.39,-16.6,36.3
HCA,Health Care,432.2,-0.63,-0.27,0.67,0.13,-14.5,55.6
HD,Consumer Discretionary,286.69,1.97,1.33,0.86,-0.47,-19.3,34.1
HIG,Financials,126.79,0.46,0.35,0.73,0.75,-12.6,39.7
HII,Industrials,263.75,-1.02,-0.4,1.14,1.58,-35.3,37.6
HLT,Consumer Discretionary,316.12,-1.01,-0.71,0.79,-1.3,-9.7,51.4
HON,Industrials,212.87,-0.59,-0.36,1.09,1.3,-14.4,50.2
HONA,Industrials,155.74,0.72,0.17,0.51,2.25,-42.3,47.3
HOOD,Financials,114.11,1.22,0.27,0.79,-2.02,-8.5,51.4
HPE,Information Technology,68.36,-1.4,-0.34,0.73,9.15,-1.4,67.0
HPQ,Information Technology,31.73,0.83,0.25,0.64,3.25,-10.6,51.0
HRL,Consumer Staples,19.88,-1.0,-0.57,1.3,0.15,-24.1,31.7
HSIC,Health Care,84.84,0.72,0.63,1.18,-0.15,-6.6,43.3
HST,Real Estate,22.48,0.18,0.12,0.73,1.08,-11.2,54.4
HSY,Consumer Staples,160.8,-0.13,-0.09,0.91,-0.38,-22.5,32.1
HUBB,Industrials,485.41,0.99,0.52,1.05,5.73,-12.5,62.8
HUM,Health Care,404.27,0.05,0.02,1.82,4.5,-1.3,59.1
HWM,Industrials,231.6,0.88,0.37,0.68,0.29,-20.9,43.5
IBKR,Financials,90.58,1.72,0.7,0.9,5.11,-7.7,52.3
IBM,Information Technology,221.29,-0.13,-0.03,0.65,0.59,-32.3,40.4
ICE,Financials,153.49,0.88,0.64,0.73,0.85,-7.9,48.3
ICP-USD,Crypto,3.34,-6.85,-1.77,0.87,1.67,-6.9,60.0
IDXX,Health Care,515.41,-2.21,-1.3,1.03,-3.38,-13.5,43.9
IEX,Industrials,236.28,0.42,0.36,0.85,2.87,-1.4,65.2
IFF,Materials,83.92,0.79,0.41,1.04,-1.56,-4.3,49.1
ILMN,Health Care,273.54,-6.86,-2.22,1.02,0.57,-6.9,62.8
INCY,Health Care,112.73,-1.23,-0.61,1.48,-8.5,-13.2,30.1
INTC,Information Technology,112.5,-3.18,-0.7,0.91,-2.96,-20.2,52.0
INTU,Information Technology,289.81,1.8,0.61,0.95,8.13,-28.8,43.1
INVH,Real Estate,26.06,0.08,0.08,0.8,-1.81,-13.8,23.5
IP,Materials,32.14,0.28,0.1,0.85,-3.54,-26.3,30.1
IQV,Health Care,266.09,3.05,1.22,0.67,-1.8,-3.2,53.9
IR,Industrials,78.55,3.26,1.71,0.79,2.84,-12.7,59.3
IRM,Real Estate,116.5,3.71,2.09,0.77,4.48,-11.8,54.3
ISRG,Health Care,404.76,-0.42,-0.14,0.69,-1.8,-16.3,58.0
IT,Information Technology,184.92,-1.51,-0.33,0.62,-0.5,-8.8,50.2
ITW,Industrials,267.14,1.12,0.81,1.31,0.67,-9.6,48.0
IVZ,Financials,30.38,-0.39,-0.2,0.91,-0.13,-8.8,43.5
J,Industrials,139.23,0.4,0.25,1.16,2.01,-8.4,46.2
JBHT,Industrials,225.93,-1.66,-0.62,0.53,-1.46,-24.2,35.2
JBL,Information Technology,309.19,2.74,0.86,0.81,-3.03,-19.8,50.3
JCI,Industrials,158.76,1.22,0.7,1.13,6.25,0.0,71.0
JKHY,Financials,144.43,-0.48,-0.22,0.57,-1.22,-16.5,36.2
JNJ,Health Care,254.78,0.73,0.57,0.82,-4.78,-8.5,33.6
JPM,Financials,331.28,0.17,0.15,0.75,-0.61,-8.8,35.5
KDP,Consumer Staples,31.13,0.78,0.44,0.77,0.32,-6.4,50.2
KEY,Financials,20.14,-0.2,-0.16,0.96,0.1,-15.2,34.1
KEYS,Information Technology,384.17,-0.12,-0.05,1.39,6.79,-0.1,73.6
KHC,Consumer Staples,21.84,-1.58,-0.88,0.93,-7.3,-19.7,22.2
KIM,Real Estate,22.14,0.5,0.53,0.81,-1.25,-15.1,30.2
KKR,Financials,90.67,0.79,0.34,1.17,-2.69,-21.4,31.7
KLAC,Information Technology,197.46,-4.54,-1.33,1.03,0.47,-34.5,56.7
KMB,Consumer Staples,96.77,1.43,0.94,0.69,-2.24,-14.6,40.0
KMI,Energy,32.16,2.39,1.81,1.19,5.62,-5.4,60.0
KO,Consumer Staples,86.17,-0.39,-0.31,1.0,-0.77,-5.8,42.9
KR,Consumer Staples,58.41,-0.63,-0.36,0.77,-3.92,-18.7,47.9
KVUE,Consumer Staples,17.39,1.1,0.86,0.42,-2.74,-10.3,38.4
L,Financials,106.46,0.75,0.92,0.54,0.5,-10.8,44.5
LDOS,Industrials,116.69,-2.31,-0.95,0.92,-5.21,-26.9,32.5
LEN,Consumer Discretionary,77.41,3.99,1.68,1.05,-6.75,-18.0,42.2
LH,Health Care,311.71,0.99,0.63,1.17,0.94,-7.9,47.1
LHX,Industrials,237.9,0.43,0.24,0.69,0.6,-33.7,29.9
LII,Industrials,365.63,1.24,0.39,0.88,1.9,-35.9,43.3
LIN,Materials,489.95,1.57,1.3,1.47,3.5,-10.1,64.5
LINK-USD,Crypto,13.92,0.45,0.11,0.42,-3.2,-9.8,56.7
LITE,Information Technology,1091.67,0.58,0.1,0.87,18.49,0.0,67.1
LLY,Health Care,1157.49,1.26,0.68,0.95,-2.29,-9.6,48.5
LMT,Industrials,510.12,0.69,0.35,0.69,-0.41,-17.8,36.0
LNT,Utilities,65.49,1.87,1.82,0.97,1.79,-15.4,48.1
LOW,Consumer Discretionary,183.67,2.32,1.47,0.81,-1.92,-26.7,34.3
LRCX,Information Technology,333.89,-3.44,-0.8,0.81,3.1,-22.9,59.4
LTC-USD,Crypto,69.0,-1.53,-0.45,0.49,1.37,-5.0,64.2
LULU,Consumer Discretionary,93.61,0.5,0.16,0.83,-3.37,-44.0,33.6
LUV,Industrials,42.45,1.43,0.66,0.78,0.88,-18.1,56.5
LVS,Consumer Discretionary,36.31,-0.82,-0.52,0.82,-5.25,-36.2,20.5
LYB,Materials,58.93,-0.49,-0.23,0.81,1.29,-25.0,41.8
LYV,Communication Services,171.8,0.66,0.44,0.82,0.41,-8.8,49.0
MA,Financials,566.58,0.35,0.28,0.82,0.53,-5.5,51.0
MAA,Real Estate,116.99,0.45,0.41,0.9,-1.22,-16.8,31.2
MAR,Consumer Discretionary,361.28,1.51,0.91,0.84,-0.09,-10.1,61.1
MAS,Industrials,69.93,2.15,0.94,0.87,2.28,-15.1,51.5
MCD,Consumer Discretionary,232.45,-0.25,-0.19,0.91,-0.65,-24.3,26.4
MCHP,Information Technology,81.26,-0.28,-0.09,0.7,3.15,-20.4,62.9
MCK,Health Care,921.67,0.68,0.33,0.78,6.57,-0.3,61.6
MCO,Financials,452.32,0.93,0.61,0.69,-0.55,-12.7,39.5
MDLZ,Consumer Staples,59.62,1.93,1.34,0.87,1.39,-7.5,46.3
MDT,Health Care,87.09,-1.0,-0.65,3.34,0.0,-6.8,42.5
MET,Financials,97.16,0.29,0.23,1.35,2.06,-2.8,54.7
META,Communication Services,741.9,1.9,0.63,0.53,3.67,-4.6,64.0
MGM,Consumer Discretionary,30.54,1.23,0.66,0.83,-3.11,-39.8,15.1
MKC,Consumer Staples,45.4,-0.31,-0.17,1.04,-6.2,-19.6,30.8
MLM,Materials,489.01,0.72,0.41,0.73,2.07,-22.8,43.4
MMM,Industrials,163.64,0.28,0.17,0.79,-2.88,-10.6,41.7
MNST,Consumer Staples,43.25,-0.6,-0.37,0.72,3.62,-13.4,45.6
MO,Consumer Staples,68.55,0.99,0.53,0.86,-0.25,-7.0,52.6
MOS,Materials,20.94,-1.64,-0.68,0.86,-6.6,-20.4,32.2
MPC,Energy,432.36,-0.26,-0.11,0.52,10.29,-0.3,71.7
MPWR,Information Technology,1473.69,-0.42,-0.13,0.51,8.84,-12.5,68.6
MRK,Health Care,141.94,1.72,0.78,0.8,-4.92,-8.7,43.9
MRNA,Health Care,203.21,6.95,0.29,1.27,3.01,-0.1,70.7
MRSH,Financials,171.74,0.77,0.5,0.69,1.36,-12.6,42.3
MRVL,Information Technology,287.01,5.81,1.16,2.96,9.02,-9.3,69.9
MS,Financials,191.02,0.44,0.26,0.87,-0.9,-16.0,31.9
MSCI,Financials,554.92,0.47,0.23,0.98,2.81,-13.5,51.3
MSFT,Information Technology,529.3,0.78,0.31,0.97,4.0,0.0,68.0
MSI,Information Technology,456.28,0.2,0.12,1.3,2.28,-6.9,48.8
MTB,Financials,218.74,0.22,0.18,0.75,0.57,-13.4,32.2
MTD,Health Care,1533.07,-0.56,-0.33,0.92,-0.28,-0.8,64.6
MU,Information Technology,1045.56,-1.73,-0.36,0.85,-1.83,-13.8,53.9
NCLH,Consumer Discretionary,14.87,-1.78,-0.66,1.2,3.91,-32.2,44.8
NDAQ,Financials,92.27,0.09,0.06,1.07,0.46,-6.9,46.6
NDSN,Industrials,334.22,-0.06,-0.04,0.77,1.42,-0.1,67.7
NEAR-USD,Crypto,5.11,-2.72,-0.43,0.48,6.24,-5.0,65.7
NEE,Utilities,77.88,2.1,2.39,1.02,2.62,-19.2,42.2
NEM,Materials,116.39,0.49,0.18,0.75,-0.6,-13.7,43.3
NFLX,Communication Services,68.69,1.76,0.79,0.98,-2.29,-36.3,37.4
NI,Utilities,40.67,2.83,2.59,1.06,3.43,-16.6,52.6
NKE,Consumer Discretionary,34.61,1.91,1.07,1.08,-3.43,-25.5,35.9
NOC,Industrials,483.11,1.47,0.98,1.03,-4.26,-29.4,31.0
NOW,Information Technology,136.08,1.27,0.35,0.82,3.52,-8.0,52.2
NRG,Utilities,103.6,7.02,2.02,1.6,6.62,-39.0,47.8
NSC,Industrials,316.31,0.03,0.02,0.39,1.06,-10.4,44.1
NTAP,Information Technology,228.45,2.09,0.77,1.11,9.21,0.0,74.8
NTRS,Financials,169.46,-0.71,-0.51,1.01,-2.01,-11.1,33.9
NUE,Materials,251.07,-0.14,-0.06,0.82,6.53,-8.4,52.4
NVDA,Information Technology,239.24,0.14,0.06,0.92,5.29,0.0,67.3
NVR,Consumer Discretionary,6046.6,1.28,0.79,0.76,-3.02,-14.8,41.5
NWS,Communication Services,32.0,1.11,0.63,0.82,-0.74,-9.1,45.2
NWSA,Communication Services,28.95,0.91,0.54,0.78,-0.52,-6.9,46.8
NXPI,Information Technology,244.38,1.0,0.4,0.49,3.35,-26.0,60.1
O,Real Estate,54.25,0.89,0.95,0.83,-1.13,-16.4,26.3
ODFL,Industrials,178.02,-0.75,-0.39,0.94,0.32,-28.3,42.0
OKE,Energy,89.23,0.73,0.46,0.9,2.73,-8.5,44.3
OMC,Communication Services,75.1,-0.2,-0.09,0.63,1.29,-14.7,40.7
ON,Information Technology,86.31,0.44,0.13,0.7,13.64,-35.6,67.1
ORCL,Information Technology,144.77,1.61,0.46,0.56,5.07,-41.5,51.1
ORLY,Consumer Discretionary,85.14,1.48,0.89,1.09,-1.08,-14.3,45.5
OTIS,Industrials,65.88,2.86,1.99,0.63,-0.68,-18.6,41.5
OXY,Energy,58.33,0.03,0.02,0.75,6.17,-8.2,50.9
P,Information Technology,143.88,2.67,0.6,0.46,11.19,0.0,79.7
PANW,Information Technology,406.76,0.87,0.23,0.88,3.74,0.0,63.7
PAYX,Industrials,101.02,1.24,0.57,0.61,1.72,-20.7,31.7
PCAR,Industrials,109.32,-0.04,-0.03,0.83,-2.22,-20.7,21.4
PCG,Utilities,12.5,1.21,0.35,0.62,3.05,-32.4,36.6
PEG,Utilities,71.73,4.44,4.61,2.36,5.98,-13.4,58.3
PEP,Consumer Staples,125.71,0.05,0.04,1.07,-2.32,-19.0,26.0
PFE,Health Care,27.5,0.33,0.27,0.73,-4.25,-5.2,43.8
PFG,Financials,109.7,-1.2,-0.83,1.17,-3.75,-7.4,37.2
PG,Consumer Staples,148.41,1.69,1.64,1.65,0.06,-2.1,56.3
PGR,Financials,212.05,-0.27,-0.13,0.83,0.78,-9.5,49.6
PH,Industrials,984.91,0.95,0.58,0.68,1.5,-8.1,56.6
PHM,Consumer Discretionary,116.1,1.86,1.01,0.84,-2.03,-15.6,41.8
PKG,Materials,229.74,0.19,0.11,0.64,-1.52,-10.2,41.6
PLD,Real Estate,128.68,0.47,0.37,1.05,-2.96,-13.6,31.6
PLTR,Information Technology,189.4,0.34,0.07,0.78,1.02,-1.7,61.8
PM,Consumer Staples,190.4,0.46,0.28,0.93,-0.96,-4.1,53.7
PNC,Financials,220.16,-0.05,-0.05,0.99,-0.67,-14.3,26.8
PNR,Industrials,52.94,0.3,0.12,0.84,-0.99,-42.4,26.9
PNW,Utilities,98.04,2.17,2.24,1.02,4.97,-9.5,61.2
PODD,Health Care,134.73,-0.66,-0.2,0.97,1.42,-33.9,43.1
PPG,Materials,106.52,1.19,0.71,0.75,0.47,-14.5,46.4
PPL,Utilities,33.7,2.28,2.21,0.99,3.44,-14.0,54.5
PRU,Financials,113.54,0.05,0.04,1.06,-1.32,-8.2,37.2
PSA,Real Estate,285.85,1.49,1.15,1.08,0.09,-12.6,39.8
PSX,Energy,269.72,1.94,1.01,0.49,6.38,-1.6,67.0
PTC,Information Technology,193.0,0.38,0.08,2.38,40.3,0.0,80.6
PWR,Industrials,719.56,5.29,1.64,1.35,10.42,-8.3,70.7
PYPL,Financials,54.41,3.05,0.93,0.59,0.24,-12.4,51.1
Q,Information Technology,131.53,0.04,0.01,0.87,5.3,-25.1,60.6
QCOM,Information Technology,181.03,0.13,0.05,0.54,-1.67,-27.2,49.3
RCL,Consumer Discretionary,288.78,5.0,2.19,0.69,10.78,-11.3,65.9
RDDT,Communication Services,150.42,1.73,0.35,0.78,5.13,-26.0,48.0
REG,Real Estate,71.42,0.13,0.15,0.81,-1.71,-12.7,28.9
REGN,Health Care,738.72,1.69,0.87,0.81,-1.57,-13.3,38.3
RF,Financials,27.05,-0.07,-0.06,0.97,0.6,-15.7,28.6
RJF,Financials,159.43,-0.85,-0.63,0.75,0.08,-11.7,39.3
RL,Consumer Discretionary,368.67,0.86,0.45,0.73,3.58,-10.5,62.2
RMD,Health Care,220.69,-0.97,-0.5,0.79,-0.96,-8.2,45.7
ROK,Industrials,450.74,-0.98,-0.58,0.82,4.45,-8.7,62.7
ROL,Industrials,30.35,2.22,1.14,0.96,-0.49,-46.3,32.1
ROP,Information Technology,362.28,-0.3,-0.14,0.64,3.93,-14.8,42.3
ROST,Consumer Discretionary,224.21,-0.95,-0.61,1.44,-4.35,-12.0,37.8
RSG,Industrials,214.74,0.9,0.75,0.68,1.66,-4.6,50.0
RTX,Industrials,183.29,-0.56,-0.38,1.07,-1.95,-18.7,22.4
RVTY,Health Care,153.3,-2.58,-1.06,1.18,0.35,-2.6,66.1
SBAC,Real Estate,169.7,4.87,2.63,1.2,4.23,-23.2,45.7
SBUX,Consumer Discretionary,96.11,1.78,1.4,0.86,0.71,-11.4,42.9
SCHW,Financials,96.8,-1.18,-0.82,0.66,-2.32,-14.8,32.7
SHIB-USD,Crypto,0.0,-3.83,-0.41,0.6,-3.83,-17.6,52.4
SHW,Materials,321.16,0.85,0.44,0.78,-2.81,-12.9,43.1
SJM,Consumer Staples,116.8,0.49,0.28,0.72,-3.23,-11.7,37.9
SLB,Energy,50.0,-0.56,-0.22,0.79,0.26,-16.4,40.7
SMCI,Information Technology,43.46,0.63,0.11,0.75,5.95,-13.4,61.7
SNA,Industrials,368.61,0.33,0.32,0.75,0.42,-11.5,38.8
SNDK,Information Technology,1704.16,-0.92,-0.13,0.73,-0.51,-27.0,51.7
SNPS,Information Technology,505.17,3.42,0.98,1.16,21.7,-5.5,76.3
SO,Utilities,85.44,1.97,2.19,0.88,2.38,-12.1,47.7
SOL-USD,Crypto,120.13,-0.51,-0.16,0.57,1.46,-1.6,62.7
SOLV,Health Care,88.03,0.2,0.11,1.02,-1.69,-4.8,47.0
SPG,Real Estate,201.74,0.17,0.17,1.09,-1.24,-13.9,34.5
SPGI,Financials,396.13,1.33,0.8,0.73,0.94,-13.2,41.9
SRE,Utilities,79.97,2.32,1.64,0.82,2.29,-18.6,47.0
STE,Health Care,208.65,-1.15,-0.74,1.34,-0.95,-12.4,38.5
STLD,Materials,238.17,-1.19,-0.51,0.87,7.59,-15.4,52.8
STT,Financials,175.75,-0.35,-0.25,0.86,-0.62,-9.0,36.6
STX,Information Technology,805.63,-9.18,-1.93,1.63,-11.8,-26.3,42.3
STZ,Consumer Staples,115.67,2.08,1.24,2.57,2.57,-29.4,37.1
SW,Materials,42.41,-0.31,-0.11,0.61,-5.9,-15.8,36.6
SWK,Industrials,89.99,0.35,0.18,0.71,1.35,-12.7,45.6
SWKS,Information Technology,82.79,-1.33,-0.35,1.42,-5.96,-9.5,51.0
SYF,Financials,71.88,0.15,0.09,0.6,0.5,-11.3,39.7
SYK,Health Care,278.2,-2.46,-0.99,0.89,0.11,-20.8,43.2
SYY,Consumer Staples,77.45,1.4,1.17,0.65,-0.62,-8.6,42.0
T,Communication Services,24.43,0.78,0.49,0.89,-0.2,-10.8,41.1
TDG,Industrials,1103.33,0.98,0.63,0.71,0.32,-18.2,42.9
TDY,Information Technology,622.22,0.42,0.34,0.61,2.75,-10.0,55.1
TECH,Health Care,72.43,-0.21,-0.95,0.93,0.07,-0.2,55.2
TEL,Information Technology,219.51,0.26,0.13,0.77,3.26,-10.7,60.4
TER,Information Technology,430.32,-3.2,-0.67,0.8,6.77,-11.0,62.1
TFC,Financials,46.25,-0.17,-0.14,1.0,-0.41,-12.9,31.2
TGT,Consumer Staples,154.33,0.88,0.5,1.04,-1.34,-9.2,45.1
TJX,Consumer Discretionary,137.03,1.95,1.36,0.9,2.41,-18.4,58.4
TKO,Communication Services,176.46,-0.33,-0.18,0.47,-0.63,-17.9,37.0
TMO,Health Care,656.58,-2.98,-1.6,1.17,-3.39,-3.4,54.7
TMUS,Communication Services,165.93,0.78,0.32,0.84,1.81,-16.3,42.3
TPL,Energy,355.16,3.04,1.11,0.98,8.05,-20.8,51.5
TPR,Consumer Discretionary,116.75,-0.17,-0.06,0.78,2.3,-28.9,44.4
TRGP,Energy,285.72,-0.58,-0.3,1.02,4.47,-5.5,52.6
TRMB,Information Technology,60.95,3.64,1.74,1.15,6.3,-12.3,63.8
TROW,Financials,103.6,-0.32,-0.21,0.75,-0.87,-13.8,40.6
TRV,Financials,360.64,-0.02,-0.01,0.71,-0.71,-8.9,43.4
TRX-USD,Crypto,0.34,-0.27,-0.31,0.82,0.1,-10.7,47.1
TSCO,Consumer Discretionary,32.29,2.77,1.49,1.03,2.48,-28.2,47.7
TSLA,Consumer Discretionary,380.68,0.51,0.16,0.75,7.89,-14.5,59.6
TSN,Consumer Staples,51.97,0.5,0.29,0.66,1.94,-23.1,45.4
TT,Industrials,476.39,1.2,0.78,1.34,4.57,-5.2,69.0
TTWO,Communication Services,202.53,-0.46,-0.21,0.83,-0.12,-21.6,37.4
TXN,Information Technology,297.23,0.79,0.38,0.56,5.52,-10.1,72.4
TXT,Industrials,75.53,-0.29,-0.18,0.82,-2.71,-21.4,32.8
TYL,Information Technology,330.91,0.79,0.28,0.6,4.63,-12.8,47.8
UAL,Industrials,111.87,1.7,0.71,1.32,-0.69,-17.8,49.8
UBER,Industrials,69.48,2.01,0.9,0.78,1.94,-13.5,43.4
UDR,Real Estate,33.91,0.21,0.19,1.01,-0.12,-16.8,38.2
UHS,Health Care,177.08,0.59,0.31,0.51,0.77,-5.5,54.0
ULTA,Consumer Discretionary,547.29,0.84,0.41,0.66,-0.11,-4.4,53.1
UNH,Health Care,376.32,-0.6,-0.44,0.99,0.37,-13.2,46.1
UNP,Industrials,276.61,-0.16,-0.12,0.92,0.9,-10.5,42.3
UPS,Industrials,93.11,-0.03,-0.02,0.8,-0.87,-19.6,34.8
URI,Industrials,1080.62,0.59,0.25,0.73,6.51,-7.2,59.1
USB,Financials,57.29,0.03,0.03,0.74,-0.54,-11.6,33.1
V,Financials,370.64,0.25,0.21,0.58,1.3,-3.5,54.1
VEEV,Health Care,283.45,3.7,1.24,0.77,1.25,-0.8,62.4
VICI,Real Estate,22.53,-0.53,-0.48,0.71,-2.85,-20.0,23.5
VLO,Energy,419.22,-0.03,-0.01,0.48,8.12,-0.0,70.0
VLTO,Industrials,96.57,2.0,1.36,0.77,0.52,-3.4,53.7
VMC,Materials,248.85,1.34,0.79,0.75,2.51,-20.3,46.0
VMRK,Real Estate,60.37,0.47,0.33,0.64,-0.43,-12.9,40.1
VRSK,Industrials,165.2,1.18,0.48,0.68,-0.45,-22.3,36.6
VRSN,Information Technology,293.1,0.29,0.15,1.13,4.74,-5.2,53.3
VRT,Industrials,253.62,0.57,0.14,0.79,3.93,-32.6,49.8
VRTX,Health Care,502.31,-0.24,-0.15,0.76,-4.64,-10.0,37.7
VST,Utilities,144.89,3.48,1.4,3.28,4.98,-14.1,55.8
VTR,Real Estate,81.86,0.61,0.39,1.01,-5.24,-18.1,25.4
VTRS,Health Care,17.54,-0.45,-0.26,0.74,-3.2,-4.0,56.2
VZ,Communication Services,45.98,0.28,0.19,0.98,0.0,-10.6,35.6
WAB,Industrials,291.16,-0.24,-0.13,0.81,-0.02,-4.7,55.7
WAT,Health Care,436.43,-0.84,-0.47,1.43,-1.54,-1.5,58.8
WBD,Communication Services,30.95,0.0,0.0,0.0,0.32,0.0,75.2
WDAY,Information Technology,188.96,1.51,0.37,0.8,0.19,-8.7,50.1
WDC,Information Technology,411.04,-6.93,-1.35,1.74,-9.36,-44.9,40.5
WEC,Utilities,103.19,1.87,1.82,0.83,0.59,-12.4,47.7
WELL,Real Estate,225.78,0.72,0.56,0.82,-3.06,-10.1,39.0
WFC,Financials,81.51,0.09,0.06,0.87,1.28,-9.7,39.1
WM,Industrials,207.88,0.59,0.49,1.08,0.38,-13.8,42.1
WMB,Energy,72.39,2.23,1.37,0.86,5.48,-7.5,55.5
WMT,Consumer Staples,107.2,2.03,1.16,0.99,0.37,-19.9,50.2
WRB,Financials,69.65,-0.17,-0.14,0.79,2.1,-8.4,54.3
WSM,Consumer Discretionary,242.25,1.49,0.82,1.01,5.34,-3.8,63.5
WST,Health Care,372.64,-1.09,-0.68,0.61,-1.06,-1.1,58.7
WTW,Financials,291.98,1.34,0.75,0.72,1.52,-16.5,35.5
WY,Real Estate,18.6,0.59,0.33,1.82,-4.86,-27.4,19.3
WYNN,Consumer Discretionary,76.62,-0.71,-0.44,0.83,-2.06,-29.5,26.9
XEL,Utilities,72.73,1.73,1.64,1.56,2.89,-10.9,49.7
XLM-USD,Crypto,0.21,-1.93,-0.49,0.46,-3.49,-19.2,52.4
XOM,Energy,164.48,0.29,0.19,0.67,1.94,-2.9,56.1
XRP-USD,Crypto,1.49,-0.98,-0.23,0.43,-0.09,-5.0,54.8
XYL,Industrials,104.57,2.1,1.22,1.42,3.61,-18.7,44.5
XYZ,Financials,76.23,2.56,1.1,0.72,3.98,-10.2,47.1
YUM,Consumer Discretionary,139.84,2.1,1.13,0.9,1.53,-16.1,46.7
ZBH,Health Care,89.68,-2.06,-1.08,0.74,-1.56,-11.3,41.6
ZBRA,Information Technology,385.78,2.69,0.69,1.18,2.61,0.0,69.0
ZTS,Health Care,71.41,2.47,1.3,0.74,-0.03,-41.4,45.9
